col1,col2
1,0.26970967016220676
2,0.2698144572193846
3,0.2699192442765624
4,0.27002403133374026
